"","S","group1wins","average_ballot_length_all","average_ballot_length_group1"
"1","-0.2",1,1.927,1.85
"2","-0.4",1,2.225,2.28
"3","-0.6",1,2.62,2.8
"4","-0.8",1,3.024,3.05
"5","-1",1,3.6,3.79
"6","-1.2",1,3.896,4.195
"7","-1.4",1,4.362,4.7
"8","-1.6",1,4.664,5.08
"9","-1.8",1,4.961,5.5
"10","-2",1,5.194,5.555
"11","-0.2",1,1.969,1.98
"12","-0.4",1,2.376,2.365
"13","-0.6",1,2.913,2.675
"14","-0.8",1,3.459,3.185
"15","-1",1,3.968,3.66
"16","-1.2",1,4.46,4.215
"17","-1.4",1,4.81,4.415
"18","-1.6",1,5.177,5.005
"19","-1.8",1,5.466,5.365
"20","-2",1,5.601,5.38
"21","-0.2",1,2,2.03
"22","-0.4",1,2.364,2.315
"23","-0.6",1,2.771,2.75
"24","-0.8",1,3.301,3.255
"25","-1",1,3.887,4.15
"26","-1.2",1,4.318,4.55
"27","-1.4",1,4.765,4.89
"28","-1.6",1,5.16,5.335
"29","-1.8",1,5.388,5.59
"30","-2",1,5.58,5.655
"31","-0.2",1,1.984,1.93
"32","-0.4",1,2.458,2.51
"33","-0.6",1,2.913,2.915
"34","-0.8",1,3.424,3.325
"35","-1",1,3.885,3.85
"36","-1.2",1,4.354,4.475
"37","-1.4",1,4.87,4.84
"38","-1.6",1,5.16,5.28
"39","-1.8",1,5.441,5.57
"40","-2",1,5.631,5.715
"41","-0.2",1,1.941,1.875
"42","-0.4",1,2.278,2.335
"43","-0.6",1,2.724,2.84
"44","-0.8",1,3.251,3.38
"45","-1",1,3.722,3.835
"46","-1.2",1,4.237,4.395
"47","-1.4",1,4.598,4.785
"48","-1.6",1,4.944,5.245
"49","-1.8",1,5.259,5.475
"50","-2",1,5.518,5.6
"51","-0.2",1,1.908,1.78
"52","-0.4",1,2.291,2.04
"53","-0.6",1,2.764,2.455
"54","-0.8",1,3.169,2.855
"55","-1",1,3.678,3.275
"56","-1.2",1,4.193,4.125
"57","-1.4",1,4.538,4.31
"58","-1.6",1,5.008,4.82
"59","-1.8",1,5.249,5.105
"60","-2",1,5.489,5.42
"61","-0.2",1,1.949,1.78
"62","-0.4",1,2.345,2.19
"63","-0.6",1,2.887,2.735
"64","-0.8",1,3.473,3.31
"65","-1",1,3.966,3.81
"66","-1.2",1,4.444,4.2
"67","-1.4",1,4.861,4.715
"68","-1.6",1,5.193,5.11
"69","-1.8",1,5.507,5.415
"70","-2",1,5.597,5.41
"71","-0.2",1,2.001,1.75
"72","-0.4",1,2.289,2.33
"73","-0.6",1,2.725,2.62
"74","-0.8",1,3.234,3.055
"75","-1",1,3.698,3.525
"76","-1.2",1,4.213,3.905
"77","-1.4",1,4.628,4.44
"78","-1.6",1,4.957,4.715
"79","-1.8",1,5.253,5.08
"80","-2",1,5.473,5.525
"81","-0.2",1,1.994,1.92
"82","-0.4",1,2.345,2.225
"83","-0.6",1,2.834,2.68
"84","-0.8",1,3.443,3.235
"85","-1",1,3.84,3.665
"86","-1.2",1,4.369,4.105
"87","-1.4",1,4.831,4.79
"88","-1.6",1,5.19,4.94
"89","-1.8",1,5.394,5.22
"90","-2",1,5.619,5.51
"91","-0.2",1,1.976,1.975
"92","-0.4",1,2.363,2.25
"93","-0.6",1,2.796,2.72
"94","-0.8",1,3.453,3.545
"95","-1",1,3.875,3.77
"96","-1.2",1,4.413,4.48
"97","-1.4",1,4.86,4.77
"98","-1.6",1,5.23,5.095
"99","-1.8",1,5.46,5.465
"100","-2",1,5.64,5.585
"101","-0.2",2,1.749,1.87
"102","-0.4",1,2.164,2.495
"103","-0.6",1,2.55,2.725
"104","-0.8",1,3.061,3.335
"105","-1",1,3.558,3.955
"106","-1.2",1,4.021,4.48
"107","-1.4",1,4.479,4.925
"108","-1.6",1,4.878,5.36
"109","-1.8",1,5.245,5.47
"110","-2",1,5.521,5.735
"111","-0.2",1,1.983,2.01
"112","-0.4",1,2.397,2.375
"113","-0.6",1,2.895,2.79
"114","-0.8",1,3.418,3.275
"115","-1",1,3.884,3.8
"116","-1.2",1,4.437,4.31
"117","-1.4",1,4.884,4.89
"118","-1.6",1,5.211,5.195
"119","-1.8",1,5.444,5.43
"120","-2",1,5.635,5.655
"121","-0.2",1,1.948,1.71
"122","-0.4",1,2.403,2.11
"123","-0.6",1,2.768,2.44
"124","-0.8",1,3.461,2.995
"125","-1",1,3.958,3.36
"126","-1.2",1,4.389,3.74
"127","-1.4",1,4.836,4.215
"128","-1.6",1,5.099,4.575
"129","-1.8",1,5.394,4.905
"130","-2",1,5.557,5.15
"131","-0.2",1,1.911,1.93
"132","-0.4",1,2.274,2.295
"133","-0.6",1,2.671,2.75
"134","-0.8",1,3.281,3.415
"135","-1",1,3.748,3.84
"136","-1.2",1,4.197,4.095
"137","-1.4",1,4.637,4.615
"138","-1.6",1,5.101,5.13
"139","-1.8",1,5.248,5.42
"140","-2",1,5.494,5.64
"141","-0.2",1,1.964,1.775
"142","-0.4",2,2.302,2.61
"143","-0.6",1,2.675,2.65
"144","-0.8",1,3.323,3.435
"145","-1",1,3.752,3.845
"146","-1.2",1,4.328,4.365
"147","-1.4",1,4.724,4.755
"148","-1.6",1,5.164,5.195
"149","-1.8",1,5.407,5.465
"150","-2",1,5.627,5.59
"151","-0.2",1,1.867,1.85
"152","-0.4",1,2.222,2.18
"153","-0.6",1,2.59,2.59
"154","-0.8",1,3.052,3.045
"155","-1",1,3.492,3.51
"156","-1.2",1,3.977,4.21
"157","-1.4",1,4.418,4.76
"158","-1.6",1,4.731,4.94
"159","-1.8",1,5.001,5.39
"160","-2",1,5.287,5.56
"161","-0.2",1,1.893,1.755
"162","-0.4",1,2.291,2.305
"163","-0.6",1,2.865,2.665
"164","-0.8",1,3.379,3.26
"165","-1",1,3.853,3.565
"166","-1.2",1,4.404,4.295
"167","-1.4",1,4.817,4.725
"168","-1.6",1,5.133,4.965
"169","-1.8",1,5.419,5.27
"170","-2",1,5.599,5.6
"171","-0.2",1,1.927,1.89
"172","-0.4",1,2.23,2.33
"173","-0.6",1,2.747,2.945
"174","-0.8",1,3.235,3.48
"175","-1",1,3.723,4.025
"176","-1.2",1,4.181,4.24
"177","-1.4",1,4.784,4.895
"178","-1.6",1,5.038,5.265
"179","-1.8",1,5.341,5.435
"180","-2",1,5.55,5.645
"181","-0.2",1,1.945,1.88
"182","-0.4",1,2.434,2.305
"183","-0.6",1,2.947,2.915
"184","-0.8",1,3.42,3.485
"185","-1",1,4.131,4.025
"186","-1.2",1,4.465,4.39
"187","-1.4",1,4.969,4.875
"188","-1.6",1,5.241,5.185
"189","-1.8",1,5.486,5.31
"190","-2",1,5.66,5.605
"191","-0.2",1,1.944,1.905
"192","-0.4",1,2.3,2.365
"193","-0.6",1,2.767,2.64
"194","-0.8",1,3.279,3.155
"195","-1",1,3.818,3.705
"196","-1.2",1,4.31,4.205
"197","-1.4",1,4.682,4.715
"198","-1.6",1,5.064,4.95
"199","-1.8",1,5.331,5.25
"200","-2",1,5.585,5.655
"201","-0.2",1,1.942,1.93
"202","-0.4",2,2.377,2.38
"203","-0.6",1,2.71,2.61
"204","-0.8",1,3.282,3.145
"205","-1",1,3.822,3.88
"206","-1.2",1,4.188,4.44
"207","-1.4",1,4.732,4.89
"208","-1.6",1,5.071,5.125
"209","-1.8",1,5.291,5.33
"210","-2",1,5.553,5.615
"211","-0.2",1,1.982,1.945
"212","-0.4",1,2.286,2.225
"213","-0.6",1,2.943,2.805
"214","-0.8",1,3.368,3.42
"215","-1",1,3.877,3.82
"216","-1.2",1,4.472,4.33
"217","-1.4",1,4.787,4.7
"218","-1.6",1,5.208,5.325
"219","-1.8",1,5.484,5.46
"220","-2",1,5.666,5.705
"221","-0.2",1,1.979,1.86
"222","-0.4",1,2.368,2.265
"223","-0.6",1,2.798,2.615
"224","-0.8",1,3.403,2.92
"225","-1",1,3.988,3.69
"226","-1.2",1,4.344,3.975
"227","-1.4",1,4.753,4.615
"228","-1.6",1,5.166,4.755
"229","-1.8",1,5.466,5.24
"230","-2",1,5.587,5.39
"231","-0.2",1,1.933,1.915
"232","-0.4",1,2.35,2.32
"233","-0.6",1,2.726,2.695
"234","-0.8",1,3.39,3.36
"235","-1",1,3.854,4.06
"236","-1.2",1,4.397,4.435
"237","-1.4",1,4.815,4.935
"238","-1.6",1,5.115,5.24
"239","-1.8",1,5.467,5.535
"240","-2",1,5.604,5.64
"241","-0.2",1,2.073,2.14
"242","-0.4",1,2.478,2.615
"243","-0.6",1,2.764,2.75
"244","-0.8",1,3.368,3.405
"245","-1",1,3.895,3.84
"246","-1.2",1,4.421,4.71
"247","-1.4",1,4.811,4.925
"248","-1.6",1,5.09,5.21
"249","-1.8",1,5.455,5.455
"250","-2",1,5.589,5.55
"251","-0.2",1,1.925,1.84
"252","-0.4",1,2.204,2.095
"253","-0.6",1,2.583,2.415
"254","-0.8",1,3.168,2.89
"255","-1",1,3.723,3.5
"256","-1.2",1,4.273,4.145
"257","-1.4",1,4.638,4.345
"258","-1.6",1,5.049,4.995
"259","-1.8",1,5.395,5.135
"260","-2",1,5.543,5.49
"261","-0.2",1,1.836,1.865
"262","-0.4",1,2.259,2.335
"263","-0.6",1,2.657,2.75
"264","-0.8",1,3.279,3.315
"265","-1",1,3.733,3.78
"266","-1.2",1,4.335,4.46
"267","-1.4",1,4.647,4.645
"268","-1.6",1,5.023,5.11
"269","-1.8",1,5.391,5.445
"270","-2",1,5.63,5.63
"271","-0.2",1,2.028,2.215
"272","-0.4",1,2.405,2.5
"273","-0.6",1,2.964,3.06
"274","-0.8",1,3.359,3.465
"275","-1",1,3.774,3.84
"276","-1.2",1,4.357,4.49
"277","-1.4",1,4.874,4.985
"278","-1.6",1,5.27,5.335
"279","-1.8",1,5.459,5.505
"280","-2",1,5.688,5.7
"281","-0.2",1,2.002,2.025
"282","-0.4",1,2.381,2.42
"283","-0.6",1,2.864,2.95
"284","-0.8",1,3.374,3.55
"285","-1",1,4.034,4.165
"286","-1.2",1,4.438,4.425
"287","-1.4",1,4.836,4.89
"288","-1.6",1,5.225,5.295
"289","-1.8",1,5.43,5.58
"290","-2",1,5.656,5.735
"291","-0.2",1,2.006,1.84
"292","-0.4",1,2.366,2.13
"293","-0.6",1,2.902,2.535
"294","-0.8",1,3.271,2.75
"295","-1",1,3.922,3.425
"296","-1.2",1,4.365,3.785
"297","-1.4",1,4.781,4.245
"298","-1.6",1,5.103,4.55
"299","-1.8",1,5.421,4.97
"300","-2",1,5.64,5.395
"301","-0.2",1,1.936,1.99
"302","-0.4",1,2.313,2.42
"303","-0.6",1,2.738,2.93
"304","-0.8",1,3.219,3.32
"305","-1",1,3.748,4.01
"306","-1.2",1,4.304,4.365
"307","-1.4",1,4.711,4.795
"308","-1.6",1,5.155,5.315
"309","-1.8",1,5.33,5.48
"310","-2",1,5.583,5.65
"311","-0.2",1,1.878,1.775
"312","-0.4",1,2.276,2.25
"313","-0.6",1,2.703,2.635
"314","-0.8",1,3.335,3.4
"315","-1",1,3.775,3.575
"316","-1.2",1,4.332,4.37
"317","-1.4",1,4.732,4.66
"318","-1.6",1,5.155,5.015
"319","-1.8",1,5.39,5.28
"320","-2",1,5.573,5.495
"321","-0.2",1,1.945,1.98
"322","-0.4",1,2.291,2.355
"323","-0.6",1,2.73,2.755
"324","-0.8",1,3.247,3.26
"325","-1",1,3.724,3.89
"326","-1.2",1,4.203,4.42
"327","-1.4",1,4.65,4.735
"328","-1.6",1,5.032,5.275
"329","-1.8",1,5.299,5.62
"330","-2",1,5.455,5.65
"331","-0.2",1,1.945,1.915
"332","-0.4",1,2.336,2.335
"333","-0.6",1,2.816,2.685
"334","-0.8",1,3.309,3.165
"335","-1",1,3.893,3.84
"336","-1.2",1,4.454,4.285
"337","-1.4",1,4.725,4.74
"338","-1.6",1,5.201,5.085
"339","-1.8",1,5.35,5.305
"340","-2",1,5.598,5.635
"341","-0.2",1,1.991,1.805
"342","-0.4",1,2.357,2.02
"343","-0.6",1,2.812,2.31
"344","-0.8",1,3.409,2.81
"345","-1",1,3.851,3.085
"346","-1.2",1,4.312,3.445
"347","-1.4",1,4.698,3.805
"348","-1.6",1,5.082,4.155
"349","-1.8",1,5.281,4.61
"350","-2",1,5.518,4.98
"351","-0.2",2,1.859,1.89
"352","-0.4",2,2.233,2.11
"353","-0.6",2,2.722,2.71
"354","-0.8",2,3.135,3.125
"355","-1",1,3.581,3.505
"356","-1.2",1,4.022,4.05
"357","-1.4",1,4.468,4.62
"358","-1.6",1,4.866,4.995
"359","-1.8",1,5.116,5.33
"360","-2",1,5.428,5.585
"361","-0.2",1,1.938,1.855
"362","-0.4",1,2.286,2.21
"363","-0.6",1,2.695,2.71
"364","-0.8",1,3.225,3.125
"365","-1",1,3.745,3.81
"366","-1.2",1,4.085,3.885
"367","-1.4",1,4.627,4.83
"368","-1.6",1,4.876,4.935
"369","-1.8",1,5.254,5.21
"370","-2",1,5.425,5.445
"371","-0.2",1,2.013,1.97
"372","-0.4",1,2.469,2.555
"373","-0.6",1,2.874,2.805
"374","-0.8",1,3.354,3.27
"375","-1",1,3.949,4.02
"376","-1.2",1,4.433,4.505
"377","-1.4",1,4.886,4.83
"378","-1.6",1,5.226,5.285
"379","-1.8",1,5.459,5.405
"380","-2",1,5.666,5.655
"381","-0.2",1,2.031,1.98
"382","-0.4",1,2.359,2.2
"383","-0.6",1,2.914,2.795
"384","-0.8",1,3.369,3.295
"385","-1",1,4.049,4.025
"386","-1.2",1,4.418,4.325
"387","-1.4",1,4.949,5.08
"388","-1.6",1,5.321,5.28
"389","-1.8",1,5.481,5.43
"390","-2",1,5.641,5.655
"391","-0.2",2,1.804,2.06
"392","-0.4",2,2.188,2.255
"393","-0.6",2,2.636,2.85
"394","-0.8",1,3.086,3.415
"395","-1",1,3.473,3.715
"396","-1.2",1,4.075,4.42
"397","-1.4",1,4.543,4.885
"398","-1.6",1,4.864,5.02
"399","-1.8",1,5.218,5.43
"400","-2",1,5.54,5.65
"401","-0.2",1,1.952,1.835
"402","-0.4",1,2.3,2.215
"403","-0.6",1,2.749,2.68
"404","-0.8",1,3.297,3.405
"405","-1",1,3.777,3.875
"406","-1.2",1,4.395,4.265
"407","-1.4",1,4.783,4.675
"408","-1.6",1,5.19,5.165
"409","-1.8",1,5.383,5.365
"410","-2",1,5.541,5.42
"411","-0.2",2,1.786,2.01
"412","-0.4",2,2.085,2.41
"413","-0.6",2,2.513,2.895
"414","-0.8",2,2.941,3.38
"415","-1",2,3.344,3.84
"416","-1.2",2,3.824,4.56
"417","-1.4",1,4.277,4.995
"418","-1.6",1,4.71,5.36
"419","-1.8",1,4.924,5.6
"420","-2",1,5.183,5.665
"421","-0.2",1,1.917,1.94
"422","-0.4",1,2.267,2.35
"423","-0.6",1,2.791,2.915
"424","-0.8",1,3.363,3.525
"425","-1",1,3.765,3.815
"426","-1.2",1,4.192,4.34
"427","-1.4",1,4.708,4.88
"428","-1.6",1,5.123,5.305
"429","-1.8",1,5.229,5.425
"430","-2",1,5.482,5.56
"431","-0.2",1,1.856,1.88
"432","-0.4",1,2.203,2.295
"433","-0.6",1,2.627,2.695
"434","-0.8",1,3.225,3.27
"435","-1",1,3.619,3.64
"436","-1.2",1,4.136,4.07
"437","-1.4",1,4.61,4.645
"438","-1.6",1,4.979,4.87
"439","-1.8",1,5.332,5.465
"440","-2",1,5.538,5.545
"441","-0.2",1,1.93,1.975
"442","-0.4",1,2.399,2.48
"443","-0.6",1,2.745,2.545
"444","-0.8",1,3.312,3.27
"445","-1",1,3.8,3.805
"446","-1.2",1,4.253,4.245
"447","-1.4",1,4.716,4.75
"448","-1.6",1,4.932,5.04
"449","-1.8",1,5.32,5.43
"450","-2",1,5.547,5.715
"451","-0.2",1,2.012,1.835
"452","-0.4",1,2.318,2.2
"453","-0.6",1,2.858,2.78
"454","-0.8",1,3.297,3.235
"455","-1",1,3.834,3.645
"456","-1.2",1,4.206,4.065
"457","-1.4",1,4.832,4.675
"458","-1.6",1,5.2,5.16
"459","-1.8",1,5.455,5.34
"460","-2",1,5.672,5.695
"461","-0.2",1,1.823,1.845
"462","-0.4",1,2.071,2.145
"463","-0.6",1,2.559,2.525
"464","-0.8",1,3.036,2.82
"465","-1",1,3.731,3.62
"466","-1.2",1,4.198,3.95
"467","-1.4",1,4.623,4.515
"468","-1.6",1,5.019,4.87
"469","-1.8",1,5.292,5.325
"470","-2",1,5.603,5.58
"471","-0.2",1,1.907,2
"472","-0.4",1,2.245,2.36
"473","-0.6",1,2.662,2.745
"474","-0.8",1,3.133,3.205
"475","-1",1,3.701,3.63
"476","-1.2",1,4.221,4.185
"477","-1.4",1,4.604,4.67
"478","-1.6",1,5.086,5.14
"479","-1.8",1,5.363,5.255
"480","-2",1,5.53,5.605
"481","-0.2",1,1.938,2.065
"482","-0.4",1,2.233,2.415
"483","-0.6",1,2.78,3.035
"484","-0.8",1,3.316,3.435
"485","-1",1,3.78,4.095
"486","-1.2",1,4.299,4.575
"487","-1.4",1,4.643,4.995
"488","-1.6",1,5.067,5.34
"489","-1.8",1,5.412,5.575
"490","-2",1,5.58,5.79
"491","-0.2",1,1.998,1.99
"492","-0.4",1,2.437,2.315
"493","-0.6",1,2.869,2.65
"494","-0.8",1,3.296,3.085
"495","-1",1,4.018,3.73
"496","-1.2",1,4.427,4.265
"497","-1.4",1,4.874,4.675
"498","-1.6",1,5.187,4.8
"499","-1.8",1,5.438,5.235
"500","-2",1,5.658,5.61
"501","-0.2",1,1.971,2.07
"502","-0.4",1,2.343,2.355
"503","-0.6",1,2.946,3.025
"504","-0.8",1,3.362,3.435
"505","-1",1,3.952,3.83
"506","-1.2",1,4.323,4.19
"507","-1.4",1,4.843,4.56
"508","-1.6",1,5.151,5.005
"509","-1.8",1,5.402,5.28
"510","-2",1,5.636,5.56
"511","-0.2",1,1.991,1.87
"512","-0.4",1,2.416,2.255
"513","-0.6",1,2.886,2.805
"514","-0.8",1,3.327,3.17
"515","-1",1,3.968,3.73
"516","-1.2",1,4.433,4.33
"517","-1.4",1,4.865,4.84
"518","-1.6",1,5.193,5.015
"519","-1.8",1,5.394,5.33
"520","-2",1,5.615,5.595
"521","-0.2",1,1.918,1.925
"522","-0.4",1,2.24,2.225
"523","-0.6",1,2.709,2.54
"524","-0.8",1,3.327,3.255
"525","-1",1,3.763,3.705
"526","-1.2",1,4.21,4.005
"527","-1.4",1,4.645,4.465
"528","-1.6",1,5.061,4.82
"529","-1.8",1,5.374,5.15
"530","-2",1,5.5,5.29
"531","-0.2",2,1.943,1.935
"532","-0.4",1,2.345,2.165
"533","-0.6",1,2.79,2.71
"534","-0.8",1,3.249,3.27
"535","-1",1,3.813,3.905
"536","-1.2",1,4.287,4.245
"537","-1.4",1,4.74,4.72
"538","-1.6",1,5.15,5.225
"539","-1.8",1,5.368,5.295
"540","-2",1,5.576,5.555
"541","-0.2",1,1.993,1.97
"542","-0.4",1,2.411,2.46
"543","-0.6",1,2.847,2.74
"544","-0.8",1,3.38,3.475
"545","-1",1,3.895,3.78
"546","-1.2",1,4.43,4.555
"547","-1.4",1,4.846,4.955
"548","-1.6",1,5.165,5.075
"549","-1.8",1,5.476,5.365
"550","-2",1,5.556,5.565
"551","-0.2",1,2.035,1.985
"552","-0.4",1,2.383,2.365
"553","-0.6",1,2.981,3.02
"554","-0.8",1,3.474,3.385
"555","-1",1,3.846,3.64
"556","-1.2",1,4.418,4.12
"557","-1.4",1,4.907,4.805
"558","-1.6",1,5.221,5.105
"559","-1.8",1,5.481,5.37
"560","-2",1,5.667,5.465
"561","-0.2",1,1.994,1.95
"562","-0.4",1,2.342,2.345
"563","-0.6",1,2.799,2.96
"564","-0.8",1,3.385,3.44
"565","-1",1,3.902,3.815
"566","-1.2",1,4.368,4.23
"567","-1.4",1,4.922,5.04
"568","-1.6",1,5.183,5.16
"569","-1.8",1,5.517,5.535
"570","-2",1,5.644,5.64
"571","-0.2",1,1.91,2.005
"572","-0.4",1,2.247,2.225
"573","-0.6",1,2.625,2.755
"574","-0.8",1,3.183,3.3
"575","-1",1,3.631,3.815
"576","-1.2",1,4.093,4.385
"577","-1.4",1,4.534,4.84
"578","-1.6",1,4.903,5.285
"579","-1.8",1,5.191,5.48
"580","-2",1,5.494,5.595
"581","-0.2",1,1.798,1.895
"582","-0.4",1,2.17,2.28
"583","-0.6",1,2.62,2.725
"584","-0.8",1,2.909,3.13
"585","-1",1,3.577,3.81
"586","-1.2",1,3.997,4.125
"587","-1.4",1,4.336,4.585
"588","-1.6",1,4.825,4.995
"589","-1.8",1,5.138,5.325
"590","-2",1,5.41,5.575
"591","-0.2",1,1.881,1.85
"592","-0.4",1,2.155,2.295
"593","-0.6",1,2.527,2.755
"594","-0.8",1,2.979,3.13
"595","-1",1,3.515,3.525
"596","-1.2",1,4.034,4.32
"597","-1.4",1,4.556,4.6
"598","-1.6",1,5.075,5.335
"599","-1.8",1,5.31,5.39
"600","-2",1,5.469,5.405
"601","-0.2",2,1.904,2.03
"602","-0.4",1,2.191,2.445
"603","-0.6",2,2.608,2.88
"604","-0.8",1,3.068,3.145
"605","-1",1,3.591,4.05
"606","-1.2",1,4.148,4.385
"607","-1.4",1,4.551,4.835
"608","-1.6",1,5.02,5.055
"609","-1.8",1,5.303,5.5
"610","-2",1,5.455,5.585
"611","-0.2",1,1.938,1.895
"612","-0.4",1,2.382,2.375
"613","-0.6",1,2.761,2.655
"614","-0.8",1,3.365,3.31
"615","-1",1,3.854,3.69
"616","-1.2",1,4.403,4.27
"617","-1.4",1,4.847,4.78
"618","-1.6",1,5.157,5
"619","-1.8",1,5.512,5.3
"620","-2",1,5.583,5.485
"621","-0.2",1,1.837,1.91
"622","-0.4",1,2.225,2.355
"623","-0.6",1,2.624,2.835
"624","-0.8",1,3.038,3.265
"625","-1",1,3.651,3.845
"626","-1.2",1,4.09,4.25
"627","-1.4",1,4.541,4.92
"628","-1.6",1,5.039,5.395
"629","-1.8",1,5.311,5.65
"630","-2",1,5.47,5.65
"631","-0.2",1,1.82,1.975
"632","-0.4",1,2.213,2.19
"633","-0.6",1,2.573,2.595
"634","-0.8",1,3.028,3.13
"635","-1",1,3.617,3.72
"636","-1.2",1,4.11,4.175
"637","-1.4",1,4.574,4.475
"638","-1.6",1,4.941,4.94
"639","-1.8",1,5.278,5.35
"640","-2",1,5.511,5.35
"641","-0.2",1,1.96,1.915
"642","-0.4",1,2.362,2.315
"643","-0.6",1,2.854,2.78
"644","-0.8",1,3.448,3.355
"645","-1",1,3.981,4.045
"646","-1.2",1,4.504,4.555
"647","-1.4",1,4.86,4.775
"648","-1.6",1,5.195,5.16
"649","-1.8",1,5.463,5.39
"650","-2",1,5.686,5.605
"651","-0.2",2,1.887,1.935
"652","-0.4",1,2.262,2.39
"653","-0.6",1,2.675,2.56
"654","-0.8",1,3.227,2.91
"655","-1",1,3.699,3.605
"656","-1.2",1,4.259,4.07
"657","-1.4",1,4.772,4.545
"658","-1.6",1,5.022,4.92
"659","-1.8",1,5.274,5.14
"660","-2",1,5.529,5.47
"661","-0.2",1,1.851,1.785
"662","-0.4",2,2.142,2.16
"663","-0.6",1,2.579,2.49
"664","-0.8",1,3.057,3.04
"665","-1",1,3.442,3.58
"666","-1.2",1,3.993,4.07
"667","-1.4",1,4.426,4.485
"668","-1.6",1,4.865,4.835
"669","-1.8",1,5.158,5.155
"670","-2",1,5.482,5.535
"671","-0.2",2,1.867,2.09
"672","-0.4",2,2.157,2.35
"673","-0.6",2,2.497,2.67
"674","-0.8",2,2.905,3.285
"675","-1",2,3.391,4.02
"676","-1.2",1,3.914,4.215
"677","-1.4",1,4.417,4.8
"678","-1.6",1,4.787,5.315
"679","-1.8",1,5.214,5.455
"680","-2",1,5.378,5.655
"681","-0.2",1,1.926,2.01
"682","-0.4",1,2.325,2.27
"683","-0.6",1,2.677,2.68
"684","-0.8",1,3.226,3.3
"685","-1",1,3.789,3.88
"686","-1.2",1,4.173,4.345
"687","-1.4",1,4.608,4.795
"688","-1.6",1,5.063,5.23
"689","-1.8",1,5.299,5.35
"690","-2",1,5.577,5.585
"691","-0.2",1,1.931,1.815
"692","-0.4",1,2.373,2.375
"693","-0.6",1,2.74,2.62
"694","-0.8",1,3.318,3.34
"695","-1",1,3.807,3.695
"696","-1.2",1,4.271,3.945
"697","-1.4",1,4.689,4.605
"698","-1.6",1,5.073,4.86
"699","-1.8",1,5.32,5.375
"700","-2",1,5.564,5.395
"701","-0.2",1,1.859,1.83
"702","-0.4",1,2.251,2.265
"703","-0.6",1,2.744,2.95
"704","-0.8",1,3.245,3.295
"705","-1",1,3.67,3.635
"706","-1.2",1,4.148,4.09
"707","-1.4",1,4.62,4.74
"708","-1.6",1,4.953,4.885
"709","-1.8",1,5.352,5.165
"710","-2",1,5.457,5.305
"711","-0.2",1,1.954,1.985
"712","-0.4",1,2.271,2.325
"713","-0.6",1,2.694,2.785
"714","-0.8",1,3.269,3.39
"715","-1",1,3.82,3.92
"716","-1.2",1,4.216,4.565
"717","-1.4",1,4.662,4.755
"718","-1.6",1,5.156,5.38
"719","-1.8",1,5.415,5.415
"720","-2",1,5.533,5.5
"721","-0.2",1,1.948,1.81
"722","-0.4",1,2.264,2.04
"723","-0.6",1,2.791,2.365
"724","-0.8",1,3.34,3.015
"725","-1",1,3.834,3.3
"726","-1.2",1,4.374,3.545
"727","-1.4",1,4.781,4.135
"728","-1.6",1,5.056,4.205
"729","-1.8",1,5.411,4.735
"730","-2",1,5.533,4.9
"731","-0.2",2,1.858,1.845
"732","-0.4",2,2.18,2.16
"733","-0.6",2,2.574,2.57
"734","-0.8",1,3.055,3.065
"735","-1",1,3.473,3.385
"736","-1.2",1,4.11,4.25
"737","-1.4",1,4.412,4.53
"738","-1.6",1,4.904,4.935
"739","-1.8",1,5.151,5.145
"740","-2",1,5.437,5.475
"741","-0.2",1,1.832,2.045
"742","-0.4",1,2.218,2.48
"743","-0.6",1,2.701,3.085
"744","-0.8",1,3.14,3.565
"745","-1",1,3.779,3.975
"746","-1.2",1,4.214,4.555
"747","-1.4",1,4.72,4.925
"748","-1.6",1,5.039,5.19
"749","-1.8",1,5.394,5.655
"750","-2",1,5.541,5.7
"751","-0.2",1,2.033,1.895
"752","-0.4",1,2.286,2.05
"753","-0.6",1,2.823,2.515
"754","-0.8",1,3.328,2.985
"755","-1",1,3.924,3.565
"756","-1.2",1,4.326,3.835
"757","-1.4",1,4.689,4.43
"758","-1.6",1,5.154,4.73
"759","-1.8",1,5.394,5.14
"760","-2",1,5.564,5.43
"761","-0.2",1,1.938,1.91
"762","-0.4",1,2.242,2.405
"763","-0.6",1,2.76,3.075
"764","-0.8",1,3.207,3.24
"765","-1",1,3.736,3.885
"766","-1.2",1,4.159,4.215
"767","-1.4",1,4.675,4.74
"768","-1.6",1,4.972,4.95
"769","-1.8",1,5.259,5.35
"770","-2",1,5.53,5.565
"771","-0.2",1,1.911,1.865
"772","-0.4",1,2.319,2.4
"773","-0.6",1,2.724,2.835
"774","-0.8",1,3.346,3.37
"775","-1",1,3.775,4.1
"776","-1.2",1,4.264,4.425
"777","-1.4",1,4.687,4.875
"778","-1.6",1,5.049,5.195
"779","-1.8",1,5.318,5.605
"780","-2",1,5.563,5.655
"781","-0.2",1,1.955,1.935
"782","-0.4",1,2.397,2.4
"783","-0.6",1,2.75,2.66
"784","-0.8",1,3.289,3.26
"785","-1",1,3.778,3.73
"786","-1.2",1,4.336,4.485
"787","-1.4",1,4.729,4.9
"788","-1.6",1,5.053,5.27
"789","-1.8",1,5.302,5.48
"790","-2",1,5.554,5.7
"791","-0.2",1,1.967,1.985
"792","-0.4",1,2.391,2.23
"793","-0.6",1,2.877,3.005
"794","-0.8",1,3.52,3.28
"795","-1",1,3.953,4.12
"796","-1.2",1,4.444,4.45
"797","-1.4",1,4.875,4.905
"798","-1.6",1,5.275,5.295
"799","-1.8",1,5.449,5.385
"800","-2",1,5.657,5.58
"801","-0.2",1,1.961,1.7
"802","-0.4",1,2.308,2.14
"803","-0.6",1,2.75,2.435
"804","-0.8",1,3.308,2.885
"805","-1",1,3.823,3.145
"806","-1.2",1,4.377,3.88
"807","-1.4",1,4.84,4.325
"808","-1.6",1,5.128,4.7
"809","-1.8",1,5.392,4.975
"810","-2",1,5.607,5.25
"811","-0.2",1,2.026,1.92
"812","-0.4",1,2.386,2.32
"813","-0.6",1,2.806,2.775
"814","-0.8",1,3.396,3.26
"815","-1",1,3.907,3.725
"816","-1.2",1,4.422,4.215
"817","-1.4",1,4.766,4.585
"818","-1.6",1,5.185,5.075
"819","-1.8",1,5.453,5.265
"820","-2",1,5.614,5.49
"821","-0.2",1,1.871,1.93
"822","-0.4",1,2.174,2.32
"823","-0.6",1,2.581,2.7
"824","-0.8",1,3.122,3.35
"825","-1",1,3.617,3.94
"826","-1.2",1,4.1,4.425
"827","-1.4",1,4.549,4.915
"828","-1.6",1,4.909,5.175
"829","-1.8",1,5.278,5.265
"830","-2",1,5.455,5.575
"831","-0.2",1,1.98,1.97
"832","-0.4",1,2.361,2.465
"833","-0.6",1,2.989,3.05
"834","-0.8",1,3.488,3.41
"835","-1",1,4.124,4.165
"836","-1.2",1,4.583,4.445
"837","-1.4",1,4.954,4.99
"838","-1.6",1,5.32,5.365
"839","-1.8",1,5.511,5.445
"840","-2",1,5.638,5.57
"841","-0.2",1,1.957,1.875
"842","-0.4",1,2.313,2.25
"843","-0.6",1,2.805,2.625
"844","-0.8",1,3.402,3.345
"845","-1",1,3.913,3.88
"846","-1.2",1,4.318,3.965
"847","-1.4",1,4.827,4.76
"848","-1.6",1,5.202,5.06
"849","-1.8",1,5.42,5.25
"850","-2",1,5.648,5.655
"851","-0.2",1,1.923,1.9
"852","-0.4",1,2.265,2.12
"853","-0.6",1,2.814,2.59
"854","-0.8",1,3.389,3.1
"855","-1",1,3.855,3.6
"856","-1.2",1,4.527,4.155
"857","-1.4",1,4.87,4.585
"858","-1.6",1,5.22,4.935
"859","-1.8",1,5.495,5.295
"860","-2",1,5.662,5.535
"861","-0.2",1,1.931,1.815
"862","-0.4",1,2.229,2.19
"863","-0.6",1,2.637,2.495
"864","-0.8",1,3.156,2.865
"865","-1",1,3.589,3.345
"866","-1.2",1,4.021,3.85
"867","-1.4",1,4.425,4.27
"868","-1.6",1,4.753,4.62
"869","-1.8",1,5.079,4.935
"870","-2",1,5.294,5.24
"871","-0.2",1,1.941,2.02
"872","-0.4",1,2.343,2.505
"873","-0.6",1,2.754,2.775
"874","-0.8",1,3.235,3.45
"875","-1",1,3.927,4.305
"876","-1.2",1,4.416,4.68
"877","-1.4",1,4.759,5.045
"878","-1.6",1,5.125,5.38
"879","-1.8",1,5.421,5.615
"880","-2",1,5.647,5.835
"881","-0.2",1,1.909,1.845
"882","-0.4",1,2.3,2.345
"883","-0.6",1,2.686,2.715
"884","-0.8",1,3.24,3.2
"885","-1",1,3.768,3.675
"886","-1.2",1,4.303,4.27
"887","-1.4",1,4.738,4.755
"888","-1.6",1,4.989,4.82
"889","-1.8",1,5.281,5.235
"890","-2",1,5.574,5.565
"891","-0.2",1,1.886,2.025
"892","-0.4",1,2.245,2.235
"893","-0.6",1,2.67,2.375
"894","-0.8",1,3.288,3.33
"895","-1",1,3.671,3.8
"896","-1.2",1,4.232,4.21
"897","-1.4",1,4.648,4.545
"898","-1.6",1,5.055,5.105
"899","-1.8",1,5.348,5.38
"900","-2",1,5.542,5.555
"901","-0.2",1,1.837,1.88
"902","-0.4",1,2.274,2.41
"903","-0.6",1,2.733,2.73
"904","-0.8",1,3.192,3.52
"905","-1",1,3.692,4.075
"906","-1.2",1,4.229,4.375
"907","-1.4",1,4.618,4.77
"908","-1.6",1,5.017,5.075
"909","-1.8",1,5.305,5.48
"910","-2",1,5.563,5.745
"911","-0.2",1,1.99,1.895
"912","-0.4",1,2.446,2.335
"913","-0.6",1,2.797,2.98
"914","-0.8",1,3.337,3.365
"915","-1",1,3.784,3.83
"916","-1.2",1,4.316,4.31
"917","-1.4",1,4.74,4.96
"918","-1.6",1,5.137,5.275
"919","-1.8",1,5.39,5.355
"920","-2",1,5.589,5.77
"921","-0.2",1,1.915,1.87
"922","-0.4",1,2.302,2.38
"923","-0.6",1,2.688,2.845
"924","-0.8",1,3.163,3.255
"925","-1",1,3.737,3.77
"926","-1.2",1,4.213,4.39
"927","-1.4",1,4.623,4.695
"928","-1.6",1,5.05,5.085
"929","-1.8",1,5.286,5.335
"930","-2",1,5.607,5.62
"931","-0.2",1,1.999,2.025
"932","-0.4",1,2.379,2.485
"933","-0.6",1,2.745,2.785
"934","-0.8",1,3.43,3.63
"935","-1",1,3.924,3.92
"936","-1.2",1,4.485,4.665
"937","-1.4",1,4.927,5.165
"938","-1.6",1,5.151,5.405
"939","-1.8",1,5.518,5.365
"940","-2",1,5.648,5.76
"941","-0.2",1,1.899,2.025
"942","-0.4",1,2.348,2.395
"943","-0.6",1,2.858,2.915
"944","-0.8",1,3.344,3.56
"945","-1",1,3.791,4.035
"946","-1.2",1,4.213,4.385
"947","-1.4",1,4.763,5.085
"948","-1.6",1,5.132,5.18
"949","-1.8",1,5.4,5.61
"950","-2",1,5.606,5.725
"951","-0.2",1,2.042,2.09
"952","-0.4",1,2.431,2.365
"953","-0.6",1,2.933,2.81
"954","-0.8",1,3.447,3.325
"955","-1",1,3.976,3.81
"956","-1.2",1,4.414,4.105
"957","-1.4",1,4.839,4.375
"958","-1.6",1,5.193,4.81
"959","-1.8",1,5.464,5.045
"960","-2",1,5.595,5.275
"961","-0.2",1,1.867,1.75
"962","-0.4",1,2.35,2.42
"963","-0.6",1,2.603,2.5
"964","-0.8",1,3.181,2.955
"965","-1",1,3.649,3.475
"966","-1.2",1,4.243,4.12
"967","-1.4",1,4.685,4.36
"968","-1.6",1,5.016,4.855
"969","-1.8",1,5.367,5.255
"970","-2",1,5.526,5.495
"971","-0.2",2,1.862,1.975
"972","-0.4",2,2.154,2.31
"973","-0.6",1,2.542,2.775
"974","-0.8",1,3.108,3.485
"975","-1",1,3.423,3.92
"976","-1.2",1,3.981,4.655
"977","-1.4",1,4.291,4.615
"978","-1.6",1,4.656,5.27
"979","-1.8",1,5.011,5.545
"980","-2",1,5.171,5.655
"981","-0.2",1,2.027,1.875
"982","-0.4",1,2.397,2.315
"983","-0.6",1,2.769,2.515
"984","-0.8",1,3.383,3
"985","-1",1,3.972,3.82
"986","-1.2",1,4.501,4.2
"987","-1.4",1,4.878,4.54
"988","-1.6",1,5.192,4.885
"989","-1.8",1,5.487,5.35
"990","-2",1,5.684,5.695
"991","-0.2",1,1.951,1.88
"992","-0.4",1,2.427,2.12
"993","-0.6",1,2.896,2.67
"994","-0.8",1,3.301,2.88
"995","-1",1,3.764,3.275
"996","-1.2",1,4.318,3.755
"997","-1.4",1,4.873,4.11
"998","-1.6",1,5.127,4.5
"999","-1.8",1,5.397,4.705
"1000","-2",1,5.49,4.78
